platform,rank_by_pearson,modis_date,lag_days,pearson_r,pearson_r2,spearman_rho,n,pair_valid_fraction_of_landsat_retained
aqua,1,2019-09-26,2,0.9380081008007003,0.8798591971677368,0.9356510910991688,6052,1.0
aqua,2,2019-09-24,0,0.9240452255046708,0.853859578777978,0.9300300322059982,6033,0.9968605419695968
aqua,3,2019-09-28,4,0.9201515497593854,0.8466788745245987,0.9178406861456974,5987,0.9892597488433575
aqua,4,2019-09-30,6,0.9151035054721198,0.837414425727362,0.9038635410837891,6048,0.9993390614672836
aqua,5,2019-09-23,-1,0.9020251368931249,0.8136493475870608,0.8914564653833185,6047,0.9991738268341044
aqua,6,2019-09-20,-4,0.8892440878058401,0.7907550476976406,0.8713614226858905,6052,1.0
aqua,7,2019-09-29,5,0.8854331145185679,0.7839918002860513,0.9022539713994421,6012,0.9933906146728354
aqua,8,2019-09-25,1,0.8827897117406617,0.7793176751551605,0.8658179876649634,6052,1.0
aqua,9,2019-09-27,3,0.8746624877824248,0.7650344675337405,0.876831671481637,6052,1.0
aqua,10,2019-09-15,-9,0.8655552404803952,0.7491858743230748,0.8389761635561942,5932,0.9801718440185063
aqua,11,2019-09-21,-3,0.7855928960284252,0.6171561982903281,0.8074499240942886,2971,0.4909120951751487
aqua,12,2019-09-22,-2,0.7514475691099152,0.5646734491212008,0.7756394444193407,3096,0.511566424322538
aqua,13,2019-09-17,-7,0.751223200303248,0.5643362966738538,0.7343675204074159,3370,0.5568407138136153
aqua,14,2019-09-19,-5,0.6643268505758269,0.441330164395997,0.6611515549712513,1897,0.3134500991407799
terra,1,2019-09-25,1,0.953792952160974,0.9097209955919461,0.9566479613217834,6052,1.0
terra,2,2019-09-23,-1,0.9502978583255469,0.9030660195381213,0.9518057900491339,6052,1.0
terra,3,2019-09-30,6,0.938329864284681,0.8804629342085079,0.9395068143591305,6052,1.0
terra,4,2019-09-27,3,0.9286586441108658,0.8624068772818317,0.9251566054921764,6052,1.0
terra,5,2019-09-28,4,0.9237016412541839,0.853224722055673,0.9172331770475505,6052,1.0
terra,6,2019-09-20,-4,0.9100560612992814,0.8282020347075615,0.9038347158438962,6052,1.0
terra,7,2019-09-26,2,0.8858752575035375,0.7847749718569588,0.877420411943487,6052,1.0
terra,8,2019-09-22,-2,0.8727919951008785,0.7617658667121718,0.883693689320864,6000,0.991407799074686
terra,9,2019-09-29,5,0.8692683310418171,0.7556274313522261,0.8689373658684875,6052,1.0
terra,10,2019-09-24,0,0.8540567955686248,0.7294130100569478,0.8408961421741837,6052,1.0
terra,11,2019-09-21,-3,0.8346637431832973,0.6966635641847533,0.8147166351911999,5705,0.9426635822868473
terra,12,2019-09-17,-7,0.7666671071446407,0.587778453177532,0.7375409072480447,5588,0.923331130204891
terra,13,2019-09-15,-9,0.7482112691150071,0.5598201032306896,0.7305657607476301,5997,0.9909120951751487
terra,14,2019-09-16,-8,0.743661124583784,0.5530318682172183,0.748036567060266,611,0.10095836087243887
terra,15,2019-09-19,-5,0.7067775798358938,0.4995345473586833,0.7238435245239534,3089,0.5104097818902842
