platform,modis_date,landsat_date,lag_days,mask_scope,landsat_retained_cells,pair_valid_fraction_of_landsat_retained,view_time_local_mean_h,view_time_utc_approx_mean_h,n,landsat_mean_c,modis_mean_c,pearson_r,pearson_r2,spearman_rho,identity_r2,rmse_c,mae_c,bias_modis_minus_landsat_c,slope_modis_from_landsat,intercept_modis_from_landsat
aqua,2019-09-15,2019-09-24,-9,pairwise_strict_modis_and_landsat_clear80,6052,0.9801718440185063,13.494284629821777,6.81561796315511,5932,32.613697324824834,29.9271847457397,0.8655552404803952,0.7491858743230748,0.8389761635561942,0.40957052581689213,3.969076738646475,3.046802756598248,-2.686512579085131,0.9767390863756842,-1.927888182642807
aqua,2019-09-16,2019-09-24,-8,pairwise_strict_modis_and_landsat_clear80,6052,0.0,,,0,,,,,,,,,,,
aqua,2019-09-17,2019-09-24,-7,pairwise_strict_modis_and_landsat_clear80,6052,0.5568407138136153,13.300002098083496,6.621335431416829,3370,34.08086616787783,25.318991079528537,0.751223200303248,0.5643362966738538,0.7343675204074159,-2.713918684315376,9.531795217249519,8.772229006453154,-8.761875088349294,0.8454989890504322,-3.4963468113752434
aqua,2019-09-18,2019-09-24,-6,pairwise_strict_modis_and_landsat_clear80,6052,0.0,,,0,,,,,,,,,,,
aqua,2019-09-19,2019-09-24,-5,pairwise_strict_modis_and_landsat_clear80,6052,0.3134500991407799,13.099211692810059,6.420545026143391,1897,35.059426756613995,25.35639957811057,0.6643268505758269,0.441330164395997,0.6611515549712513,-4.938684388300207,10.673061629596294,9.703797409518115,-9.703027178503428,0.8976236786247375,-6.113772037635826
aqua,2019-09-20,2019-09-24,-4,pairwise_strict_modis_and_landsat_clear80,6052,1.0,13.798944473266602,7.120277806599934,6052,32.37499135720832,30.83080633680945,0.8892440878058401,0.7907550476976406,0.8713614226858905,0.6981828110875321,2.9694294759755246,2.2244140958439336,-1.544185020398873,0.8838170351641614,2.2172374620162523
aqua,2019-09-21,2019-09-24,-3,pairwise_strict_modis_and_landsat_clear80,6052,0.4909120951751487,12.855401992797852,6.176735326131184,2971,31.186928033266994,25.51522380902044,0.7855928960284252,0.6171561982903281,0.8074499240942886,-0.4209352574150247,6.9386102097692675,5.81487219568777,-5.671704224246554,0.8510936394285132,-1.027772273407906
aqua,2019-09-22,2019-09-24,-2,pairwise_strict_modis_and_landsat_clear80,6052,0.511566424322538,13.590116500854492,6.911449834187825,3096,34.81412738176587,32.56626612302253,0.7514475691099152,0.5646734491212008,0.7756394444193407,-0.11112089760538657,4.708531251366518,3.2298185822267556,-2.2478612587433453,1.053146759402751,-4.098119310518799
aqua,2019-09-23,2019-09-24,-1,pairwise_strict_modis_and_landsat_clear80,6052,0.9991738268341044,12.664560317993164,5.985893651326497,6047,32.370396991633214,31.358619147102477,0.9020251368931249,0.8136493475870608,0.8914564653833185,0.7139177591355621,2.890902613880492,2.21134648024198,-1.0117778445307393,1.0430709803516802,-2.40600257733346
aqua,2019-09-24,2019-09-24,0,pairwise_strict_modis_and_landsat_clear80,6052,0.9968605419695968,13.399931907653809,6.721265240987141,6033,32.40303927070166,33.57814519092769,0.9240452255046708,0.853859578777978,0.9300300322059982,0.7510072206836489,2.6880147669715893,2.128256482112157,1.175105920226029,1.071091874021245,-1.1284868655121483
aqua,2019-09-25,2019-09-24,1,pairwise_strict_modis_and_landsat_clear80,6052,1.0,12.442216873168945,5.763550206502278,6052,32.37499135720832,31.190092519349164,0.8827897117406617,0.7793176751551605,0.8658179876649634,0.6542916677646173,3.178015081256913,2.471958978871045,-1.1848988378591594,1.0242319001160498,-1.9694063946849698
aqua,2019-09-26,2019-09-24,2,pairwise_strict_modis_and_landsat_clear80,6052,1.0,13.191291809082031,6.512625142415364,6052,32.37499135720832,34.515168502326055,0.9380081008007003,0.8798591971677368,0.9356510910991688,0.7044327910370578,2.938523414716071,2.4881943706164513,2.1401771451177303,1.0079375968274904,1.8831975164307444
aqua,2019-09-27,2019-09-24,3,pairwise_strict_modis_and_landsat_clear80,6052,1.0,13.899155616760254,7.2204889500935865,6052,32.37499135720832,34.09069730238023,0.8746624877824248,0.7650344675337405,0.876831671481637,0.664268216669468,3.131823358817632,2.5377667211808674,1.7157059451719032,0.7626718176374062,9.399203797982864
aqua,2019-09-28,2019-09-24,4,pairwise_strict_modis_and_landsat_clear80,6052,0.9892597488433575,12.967645645141602,6.288978978474934,5987,32.49090925863077,35.58120759819353,0.9201515497593854,0.8466788745245987,0.9178406861456974,0.40215517460039296,4.094336641914515,3.5824610715878515,3.090298339562761,1.1433350843350467,-1.5667888791454296
aqua,2019-09-29,2019-09-24,5,pairwise_strict_modis_and_landsat_clear80,6052,0.9933906146728354,13.69999885559082,7.021332188924153,6012,32.458247802294025,37.02838989661998,0.8854331145185679,0.7839918002860513,0.9022539713994421,0.019987151532581793,5.260203243222606,4.806373652663139,4.570142094325956,0.9218827213406685,7.105692082691389
aqua,2019-09-30,2019-09-24,6,pairwise_strict_modis_and_landsat_clear80,6052,0.9993390614672836,12.756514549255371,6.077847882588704,6048,32.38333807988142,36.24485780022763,0.9151035054721198,0.837414425727362,0.9038635410837891,0.2776840718635123,4.586186670827271,4.055253410307818,3.8615197203462084,1.037165991895154,2.657960839731287
terra,2019-09-15,2019-09-24,-9,pairwise_strict_modis_and_landsat_clear80,6052,0.9909120951751487,10.606602668762207,3.9279360020955396,5997,32.463779222215834,24.594402172256554,0.7482112691150071,0.5598201032306896,0.7305657607476301,-1.6228534098117273,8.644735206113236,7.900317758286976,-7.86937704995928,0.6316448279688376,4.088823930221706
terra,2019-09-16,2019-09-24,-8,pairwise_strict_modis_and_landsat_clear80,6052,0.10095836087243887,10.90000057220459,4.221333905537922,611,36.55650688583449,24.454353522942228,0.743661124583784,0.5530318682172183,0.748036567060266,-6.769467407876844,12.75125513901642,12.102153362892263,-12.102153362892263,0.9762705591337446,-11.234687894468005
terra,2019-09-17,2019-09-24,-7,pairwise_strict_modis_and_landsat_clear80,6052,0.923331130204891,11.59999942779541,4.921332761128743,5588,32.66123973222486,24.019813880207032,0.7666671071446407,0.587778453177532,0.7375409072480447,-2.4449255024252405,9.710467241498103,8.650374903794946,-8.641425852017823,1.0108651039702878,-8.996293617506923
terra,2019-09-18,2019-09-24,-6,pairwise_strict_modis_and_landsat_clear80,6052,0.0,,,0,,,,,,,,,,,
terra,2019-09-19,2019-09-24,-5,pairwise_strict_modis_and_landsat_clear80,6052,0.5104097818902842,11.40000057220459,4.721333905537922,3089,34.52024165246432,23.360326964247765,0.7067775798358938,0.4995345473586833,0.7238435245239534,-6.125675875097535,11.794570519993814,11.160965059983688,-11.159914688216556,0.8499108155192394,-5.978799770519412
terra,2019-09-20,2019-09-24,-4,pairwise_strict_modis_and_landsat_clear80,6052,1.0,10.5,3.8213333333333326,6052,32.37499135720832,27.28135822123435,0.9100560612992814,0.8282020347075615,0.9038347158438962,-0.07267196183716607,5.598020632146833,5.138711699096871,-5.093633135973974,0.7252747506071726,3.8005944387257453
terra,2019-09-21,2019-09-24,-3,pairwise_strict_modis_and_landsat_clear80,6052,0.9426635822868473,11.19999885559082,4.521332188924153,5705,32.29374543122301,27.751766882185137,0.8346637431832973,0.6966635641847533,0.8147166351911999,-0.15480118218937466,5.7677320170220305,4.608076153587188,-4.54197854903787,1.0037272617419029,-4.662345790886424
terra,2019-09-22,2019-09-24,-2,pairwise_strict_modis_and_landsat_clear80,6052,0.991407799074686,10.300000190734863,3.621333524068196,6000,32.460842538674676,27.56040332055092,0.8727919951008785,0.7617658667121718,0.883693689320864,-0.09201987637942466,5.562839771077578,4.963763997952143,-4.900439218123754,0.8313087052543503,0.575422338259939
terra,2019-09-23,2019-09-24,-1,pairwise_strict_modis_and_landsat_clear80,6052,1.0,11.0,4.321333333333333,6052,32.37499135720832,30.191060799127843,0.9502978583255469,0.9030660195381213,0.9518057900491339,0.7327557289296571,2.794185485168748,2.3069604068738454,-2.183930558080478,0.9828676772586631,-1.6292717574007733
terra,2019-09-24,2019-09-24,0,pairwise_strict_modis_and_landsat_clear80,6052,1.0,11.698147773742676,5.019481107076008,6052,32.37499135720832,29.250419708253215,0.8540567955686248,0.7294130100569478,0.8408961421741837,0.24991193487307373,4.681199586350496,3.5630773309832446,-3.1245716489551087,1.0549893406189401,-4.904851076231856
terra,2019-09-25,2019-09-24,1,pairwise_strict_modis_and_landsat_clear80,6052,1.0,10.800002098083496,4.121335431416829,6052,32.37499135720832,31.204990095439843,0.953792952160974,0.9097209955919461,0.9566479613217834,0.8624304915932861,2.004758774563756,1.5497342175548627,-1.1700012617684796,0.8898527162973375,2.3960160961252237
terra,2019-09-26,2019-09-24,2,pairwise_strict_modis_and_landsat_clear80,6052,1.0,11.5,4.821333333333333,6052,32.37499135720832,30.744097803573457,0.8858752575035375,0.7847749718569588,0.877420411943487,0.6496012159100572,3.199501554799149,2.3666717489271547,-1.6308935536348654,0.9708724815004294,-0.687890393954321
terra,2019-09-27,2019-09-24,3,pairwise_strict_modis_and_landsat_clear80,6052,1.0,10.59999942779541,3.9213327611287427,6052,32.37499135720832,32.08100462464095,0.9286586441108658,0.8624068772818317,0.9251566054921764,0.8305253589548026,2.2251197662302347,1.7039665153147918,-0.29398673256737307,0.7044717112494355,9.273739061542738
terra,2019-09-28,2019-09-24,4,pairwise_strict_modis_and_landsat_clear80,6052,1.0,11.30000114440918,4.621334477742512,6052,32.37499135720832,33.00515861678265,0.9237016412541839,0.853224722055673,0.9172331770475505,0.8240620137997605,2.267153046782052,1.8862063451390036,0.6301672595743304,0.9684836149305738,1.6505099538074746
terra,2019-09-29,2019-09-24,5,pairwise_strict_modis_and_landsat_clear80,6052,1.0,10.40000057220459,3.7213339055379224,6052,32.37499135720832,32.76181426996911,0.8692683310418171,0.7556274313522261,0.8689373658684875,0.7187173017778259,2.8666359304691453,2.170522008285724,0.38682291276078307,0.6006431210166544,13.315998418288302
terra,2019-09-30,2019-09-24,6,pairwise_strict_modis_and_landsat_clear80,6052,1.0,11.09999942779541,4.421332761128743,6052,32.37499135720832,34.144729008520194,0.938329864284681,0.8804629342085079,0.9395068143591305,0.773240842817138,2.573851268826137,2.1471490776467936,1.7697376513118706,0.8843230711786193,5.514777222132487
