date,product_id,spacecraft,cloud_cover_metadata,landsat_acquired_utc,status,matched_pixels,mean_landsat_clear_fraction,mean_modis_strict_fraction,mean_time_diff_min_approx
2020-02-16,LC08_L2SP_124043_20200216_20200823_02_T1,LANDSAT_8,27.53,2020-02-16T03:04:06.599000Z,ok,1366,0.9670203328132629,0.8749217987060547,64.66547393798828
2020-04-27,LC08_L2SP_125042_20200427_20200822_02_T1,LANDSAT_8,0.27,2020-04-27T03:09:21.921000Z,ok,778,0.5287521481513977,0.9818636775016785,30.584505081176758
2020-05-06,LC08_L2SP_124043_20200506_20200820_02_T1,LANDSAT_8,21.24,2020-05-06T03:03:29.663000Z,ok,29,0.6986554265022278,0.02188868075609207,65.28215026855469
2020-06-14,LC08_L2SP_125043_20200614_20200824_02_T1,LANDSAT_8,35.24,2020-06-14T03:09:53.753000Z,no_valid_matchups,0,0.2092510312795639,0.0,
2020-07-25,LC08_L2SP_124042_20200725_20200911_02_T1,LANDSAT_8,15.38,2020-07-25T03:03:36.146000Z,no_valid_matchups,0,0.14186547696590424,0.0,
2020-09-02,LC08_L2SP_125043_20200902_20200906_02_T1,LANDSAT_8,1.39,2020-09-02T03:10:25.364000Z,ok,24,0.5205816626548767,0.16197623312473297,31.651182174682617
2021-01-01,LC08_L2SP_124042_20210101_20210308_02_T1,LANDSAT_8,0.45,2021-01-01T03:03:57.688000Z,ok,297,0.23129770159721375,0.6178861856460571,64.81549072265625
2021-04-30,LC08_L2SP_125042_20210430_20210508_02_T1,LANDSAT_8,4.75,2021-04-30T03:09:25.008000Z,ok,700,0.54487544298172,0.8367729783058167,30.65118408203125
2021-07-28,LC08_L2SP_124043_20210728_20210804_02_T1,LANDSAT_8,15.56,2021-07-28T03:04:06.301000Z,ok,151,0.9393778443336487,0.09631019085645676,64.66547393798828
2021-08-04,LC08_L2SP_125043_20210804_20210811_02_T1,LANDSAT_8,26.66,2021-08-04T03:10:20.304000Z,no_valid_matchups,0,0.37697717547416687,0.0,
2021-09-21,LC08_L2SP_125042_20210921_20210925_02_T1,LANDSAT_8,1.18,2021-09-21T03:10:09.496000Z,ok,668,0.6994804739952087,0.7173233032226562,37.384525299072266
2021-10-07,LC08_L2SP_125043_20211007_20211013_02_T1,LANDSAT_8,4.29,2021-10-07T03:10:39.178000Z,ok,50,0.4294220209121704,0.19824890792369843,37.88453674316406
2021-12-03,LC08_L2SP_124042_20211203_20211209_02_T1,LANDSAT_8,0.01,2021-12-03T03:04:02.701000Z,ok,221,0.23655755817890167,0.5878674387931824,58.732147216796875
2022-01-11,LC08_L2SP_125042_20220111_20220122_02_T1,LANDSAT_8,8.89,2022-01-11T03:10:05.821000Z,no_valid_matchups,0,0.6890547871589661,0.0,
2022-03-08,LC09_L2SP_125042_20220308_20230425_02_T1,LANDSAT_9,0.0,2022-03-08T03:09:53.558000Z,ok,1114,0.7017572522163391,1.0,10.882142066955566
2022-04-09,LC09_L2SP_125043_20220409_20230422_02_T1,LANDSAT_9,5.03,2022-04-09T03:10:10.328000Z,ok,574,0.3862129747867584,0.9906191229820251,10.189712524414062
2022-05-03,LC08_L2SP_125043_20220503_20220511_02_T1,LANDSAT_8,0.32,2022-05-03T03:10:04.421000Z,ok,765,0.48294320702552795,1.0,43.297420501708984
2022-07-23,LC09_L2SP_124042_20220723_20230406_02_T1,LANDSAT_9,15.47,2022-07-23T03:03:37.477000Z,ok,259,0.18675512075424194,0.9943714737892151,5.1488261222839355
2022-08-24,LC09_L2SP_124043_20220824_20230401_02_T1,LANDSAT_9,7.82,2022-08-24T03:04:18.597000Z,ok,1393,0.8972768187522888,0.9824890494346619,4.465484619140625
2022-09-17,LC08_L2SP_124042_20220917_20220922_02_T1,LANDSAT_8,7.27,2022-09-17T03:04:19.251000Z,no_valid_matchups,0,0.2383575588464737,0.0,
