hour_utc,hour_bjt,lst_tnadir_mean_c,swdown_mean_wm2,glw_mean_wm2,emissivity_mean,svf_mean,lw_abs_mean_wm2,lw_abs_svf_sky_mean_wm2
0,8,8.818350791931152,35.73052215576172,264.5066833496094,0.9702166318893433,0.984817385673523,262.66387939453125,258.88372802734375
1,9,14.724580764770508,197.5757598876953,263.0328063964844,0.9702166318893433,0.984817385673523,261.1319885253906,257.3503723144531
2,10,20.65120506286621,401.1339416503906,269.9801025390625,0.9702166318893433,0.984817385673523,267.5729064941406,263.68487548828125
3,11,26.372421264648438,577.2030639648438,276.67572021484375,0.9702166318893433,0.984817385673523,274.4022216796875,270.4126892089844
4,12,30.187881469726562,708.1668701171875,279.3072204589844,0.9702166318893433,0.984817385673523,277.6335754394531,273.60760498046875
5,13,32.20340347290039,789.21875,284.1246337890625,0.9702166318893433,0.984817385673523,281.13616943359375,277.05169677734375
6,14,32.983360290527344,802.8849487304688,289.8087463378906,0.9702166318893433,0.984817385673523,286.742919921875,282.58233642578125
7,15,32.08592987060547,751.7319946289062,288.7019958496094,0.9702166318893433,0.984817385673523,286.4442443847656,282.3043518066406
8,16,29.93364906311035,635.4396362304688,288.0465393066406,0.9702166318893433,0.984817385673523,285.3625793457031,281.2465515136719
9,17,25.877540588378906,469.4379577636719,286.6906433105469,0.9702166318893433,0.984817385673523,283.55438232421875,279.4346618652344
10,18,21.04242515563965,268.62469482421875,287.33544921875,0.9702166318893433,0.984817385673523,283.5453796386719,279.4019470214844
11,19,15.363210678100586,89.9446029663086,282.0832824707031,0.9702166318893433,0.984817385673523,279.9423522949219,275.877197265625
12,20,12.175956726074219,1.1815024614334106,275.13238525390625,0.9702166318893433,0.984817385673523,273.07879638671875,269.1266784667969
13,21,11.132927894592285,-6.1310529417824e-05,270.82781982421875,0.9702166318893433,0.984817385673523,269.0043029785156,265.13348388671875
14,22,9.883091926574707,7.94484731159173e-06,268.0942687988281,0.9702166318893433,0.984817385673523,266.4808654785156,262.6475524902344
15,23,8.831035614013672,5.612767563434318e-05,265.8182067871094,0.9702166318893433,0.984817385673523,264.1695861816406,260.36395263671875
16,0,9.286360740661621,-4.748001811094582e-05,263.3086853027344,0.9702166318893433,0.984817385673523,261.7643127441406,257.9876403808594
17,1,8.6515531539917,1.4204552826413419e-05,261.3310241699219,0.9702166318893433,0.984817385673523,259.6053466796875,255.84915161132812
18,2,8.128589630126953,-3.1039558962220326e-05,258.74554443359375,0.9702166318893433,0.984817385673523,257.4892883300781,253.7611541748047
19,3,7.878199577331543,5.366161713027395e-05,257.041015625,0.9702166318893433,0.984817385673523,255.38673400878906,251.67359924316406
20,4,7.131302833557129,-3.156566162942909e-05,255.41380310058594,0.9702166318893433,0.984817385673523,253.95993041992188,250.26223754882812
21,5,6.618310451507568,6.3131369643087965e-06,253.70797729492188,0.9702166318893433,0.984817385673523,252.52490234375,248.84457397460938
22,6,6.310970306396484,2.893518285418395e-05,252.409423828125,0.9702166318893433,0.984817385673523,251.38304138183594,247.7177276611328
23,7,6.017755031585693,1.3152361134416424e-05,251.2865447998047,0.9702166318893433,0.984817385673523,250.33615112304688,246.68670654296875
