hour_utc,hour_bjt,r_spatial_swdown_vs_lst,r_spatial_lw_abs_vs_lst,r_spatial_lw_abs_svf_sky_vs_lst
0,8,-0.1734554902659218,0.5706700914371693,0.568205723333967
1,9,-0.5324249642319268,0.5894729662394732,0.603596672701681
2,10,-0.39741357146572903,0.6130802719938269,0.6225011787107094
3,11,-0.21630065817043448,0.6336214250848811,0.6280361703859167
4,12,-0.2978877816829473,0.7148052088894727,0.7003051451268733
5,13,-0.5083775494165603,0.7381008845714855,0.7294278778158926
6,14,-0.6023463984536572,0.7488652902629367,0.7434120650509323
7,15,-0.6538816021863773,0.714371606889575,0.721457285289813
8,16,-0.297377968957881,0.704116853094734,0.7152323006164212
9,17,0.347544121232881,0.6998246124162941,0.7114530593419169
10,18,0.6480628319666486,0.6930332687942068,0.7004199726273075
11,19,-0.5117653219864853,0.7132503026236748,0.6957373729437853
12,20,-0.3225124943247889,0.6579883433682645,0.6600324502592066
13,21,-0.14992988462646759,0.6302677348247524,0.5666746621999518
14,22,-0.325637288001652,0.8039673209732903,0.8132492033786776
15,23,0.26183191097704767,0.7871538064551136,0.7965098021696139
16,0,-0.12678068110487986,0.5096250244614056,0.4501249770233765
17,1,-0.010294077429162564,0.4697681163236242,0.4093691943637179
18,2,0.2403976464976966,0.5438378959662103,0.4747442285081278
19,3,-0.05989028375585612,0.4981858914309422,0.4657329672411301
20,4,0.16635510140412765,0.5417661741895666,0.5083015149943877
21,5,-0.15498717730081243,0.515169499556473,0.48869471989922003
22,6,0.04712655781433641,0.525478415640551,0.47936296074673845
23,7,-0.09088258869608454,0.47523963543833647,0.4350884441114307
