predictor,pearson_r,n
swir2,0.9984240379282796,3465
swir1,0.9976744093792028,3465
red,0.9967296190979187,3465
green,0.996585253561381,3465
nir,0.99437249190162,3465
ndwi,0.9931718167799269,3465
blue,0.9900650347663253,3465
savi,-0.9896015814431462,3465
ndmi,-0.9893373232497893,3465
ndbi,0.9893373232497893,3465
ndvi,-0.9859270596114561,3465
ui,0.9853655591897669,3465
nbr,-0.9853655591897669,3465
evi,-0.97806176366496,3465
bsi,0.975196329265451,3465
mndwi,0.9422043263322386,3465
wc_bare_sparse_frac,0.38103112041013953,3465
slope,0.3583093002216294,3465
wc_cropland_frac,-0.35131813612231527,3465
elevation,0.3002955309107757,3465
wc_tree_cover_frac,-0.16846216506848427,3465
wc_built_up_frac,-0.0980715613893437,3465
wc_shrubland_frac,-0.09135985460281527,3465
wc_grassland_frac,-0.06947787128157579,3465
aspect,0.029425911577989905,3465
wc_water_frac,0.018265375466463018,3465
wc_herbaceous_wetland_frac,-0.015549851554132967,3465
wc_snow_ice_frac,,3465
wc_mangroves_frac,,3465
wc_moss_lichen_frac,,3465
